{
  "url": "https://www.centerparcs.be/",
  "requestedUrl": "https://www.centerparcs.be/",
  "timestamp": 1634116552287,
  "ranks": {
    "hundos": 2,
    "performance": 2,
    "accessibility": 4,
    "cumulative": 2
  },
  "lighthouse": {
    "version": "6.5.0",
    "performance": 0.34,
    "accessibility": 0.69,
    "bestPractices": 0.8,
    "seo": 0.79,
    "total": 262
  },
  "firstContentfulPaint": 1851.3489999999997,
  "speedIndex": 7337.081594298745,
  "largestContentfulPaint": 3901.2870000000003,
  "totalBlockingTime": 1615.000000000001,
  "cumulativeLayoutShift": 0.6264167683919271,
  "timeToInteractive": 16865.302,
  "maxPotentialFirstInputDelay": 680.0000000000009,
  "timeToFirstByte": 30.667,
  "weight": {
    "summary": "104 requests • 1,870 KiB",
    "total": 1914496,
    "image": 188315,
    "imageCount": 22,
    "script": 1554687,
    "scriptCount": 43,
    "document": 16877,
    "font": 62330,
    "fontCount": 3,
    "stylesheet": 73455,
    "stylesheetCount": 4,
    "thirdParty": 1905706,
    "thirdPartyCount": 103
  },
  "run": {
    "number": 2,
    "total": 3
  },
  "axe": {
    "passes": 122,
    "violations": 8
  }
}