{
  "url": "https://makeityours.chaumet.com/fr/",
  "requestedUrl": "https://makeityours.chaumet.com/fr/",
  "timestamp": 1633682369740,
  "ranks": {
    "hundos": 2,
    "performance": 1,
    "accessibility": 4,
    "cumulative": 2
  },
  "lighthouse": {
    "version": "6.5.0",
    "performance": 0.57,
    "accessibility": 0.79,
    "bestPractices": 0.73,
    "seo": 0.79,
    "total": 288
  },
  "firstContentfulPaint": 2069.201,
  "speedIndex": 4511.526048731158,
  "largestContentfulPaint": 7016.393000000001,
  "totalBlockingTime": 333,
  "cumulativeLayoutShift": 0.31520331806606716,
  "timeToInteractive": 7263.237499999999,
  "maxPotentialFirstInputDelay": 267,
  "timeToFirstByte": 58.673,
  "weight": {
    "summary": "48 requests • 907 KiB",
    "total": 928608,
    "image": 101999,
    "imageCount": 24,
    "script": 578140,
    "scriptCount": 13,
    "document": 112424,
    "font": 58187,
    "fontCount": 2,
    "stylesheet": 14921,
    "stylesheetCount": 2,
    "thirdParty": 617883,
    "thirdPartyCount": 13
  },
  "run": {
    "number": 1,
    "total": 3
  },
  "axe": {
    "passes": 170,
    "violations": 22
  }
}