{
  "url": "https://www.centerparcs.ch/",
  "requestedUrl": "https://www.centerparcs.ch/",
  "timestamp": 1634116434471,
  "ranks": {
    "hundos": 1,
    "performance": 1,
    "accessibility": 3,
    "cumulative": 1
  },
  "lighthouse": {
    "version": "6.5.0",
    "performance": 0.42,
    "accessibility": 0.69,
    "bestPractices": 0.87,
    "seo": 0.79,
    "total": 277
  },
  "firstContentfulPaint": 2051.963,
  "speedIndex": 4624.883601206877,
  "largestContentfulPaint": 4359.148,
  "totalBlockingTime": 1100.5,
  "cumulativeLayoutShift": 0.6267080078124999,
  "timeToInteractive": 12155.682499999999,
  "maxPotentialFirstInputDelay": 449,
  "timeToFirstByte": 240.82399999999998,
  "weight": {
    "summary": "60 requests • 1,383 KiB",
    "total": 1416175,
    "image": 186345,
    "imageCount": 17,
    "script": 1087980,
    "scriptCount": 27,
    "document": 13180,
    "font": 62330,
    "fontCount": 3,
    "stylesheet": 63450,
    "stylesheetCount": 2,
    "thirdParty": 1407373,
    "thirdPartyCount": 59
  },
  "run": {
    "number": 1,
    "total": 3
  },
  "axe": {
    "passes": 123,
    "violations": 8
  }
}