{
  "url": "https://www.centerparcs.de/",
  "requestedUrl": "https://www.centerparcs.de/",
  "timestamp": 1634116459842,
  "ranks": {
    "hundos": 6,
    "performance": 6,
    "accessibility": 6,
    "cumulative": 6
  },
  "lighthouse": {
    "version": "6.5.0",
    "performance": 0.17,
    "accessibility": 0.62,
    "bestPractices": null,
    "seo": 0.9,
    "total": 169
  },
  "firstContentfulPaint": 3626.6414999999997,
  "speedIndex": 8751.472365553698,
  "largestContentfulPaint": 10843.3935,
  "totalBlockingTime": 1901.5,
  "cumulativeLayoutShift": 0.09111134253607854,
  "timeToInteractive": 22123.1825,
  "maxPotentialFirstInputDelay": 880.9999999999964,
  "timeToFirstByte": 161.54,
  "weight": {
    "summary": "248 requests • 2,375 KiB",
    "total": 2431835,
    "image": 216143,
    "imageCount": 100,
    "script": 1845755,
    "scriptCount": 73,
    "document": 139440,
    "font": 125449,
    "fontCount": 23,
    "stylesheet": 73921,
    "stylesheetCount": 4,
    "thirdParty": 2306652,
    "thirdPartyCount": 241
  },
  "run": {
    "number": 1,
    "total": 3
  },
  "axe": {
    "passes": 1504,
    "violations": 135
  }
}