{
  "url": "https://www.centerparcs.co.uk/",
  "requestedUrl": "https://www.centerparcs.co.uk/",
  "timestamp": 1634116474030,
  "ranks": {
    "hundos": 3,
    "performance": 5,
    "accessibility": 2,
    "cumulative": 3
  },
  "lighthouse": {
    "version": "6.5.0",
    "performance": 0.17,
    "accessibility": 0.7,
    "bestPractices": 0.8,
    "seo": 0.76,
    "total": 243
  },
  "firstContentfulPaint": 5819.528999999999,
  "speedIndex": 6618.7221764835695,
  "largestContentfulPaint": 14752.165499999992,
  "totalBlockingTime": 838.0000000000005,
  "cumulativeLayoutShift": 0.5110857301288181,
  "timeToInteractive": 18094.064999999995,
  "maxPotentialFirstInputDelay": 656.5000000000005,
  "timeToFirstByte": 75.864,
  "weight": {
    "summary": "95 requests • 2,976 KiB",
    "total": 3047689,
    "image": 1186952,
    "imageCount": 23,
    "script": 1197993,
    "scriptCount": 34,
    "document": 86834,
    "font": 336936,
    "fontCount": 7,
    "stylesheet": 193409,
    "stylesheetCount": 7,
    "thirdParty": 1242085,
    "thirdPartyCount": 53
  },
  "run": {
    "number": 1,
    "total": 3
  },
  "axe": {
    "passes": 1262,
    "violations": 94
  }
}