{
  "url": "https://www.pierreetvacances.com/",
  "requestedUrl": "https://www.pierreetvacances.com/",
  "timestamp": 1634116517604,
  "ranks": {
    "hundos": 5,
    "performance": 4,
    "accessibility": 1,
    "cumulative": 5
  },
  "lighthouse": {
    "version": "6.5.0",
    "performance": 0.19,
    "accessibility": 0.73,
    "bestPractices": null,
    "seo": 0.88,
    "total": 180
  },
  "firstContentfulPaint": 4370.462500000001,
  "speedIndex": 5405.217026328099,
  "largestContentfulPaint": 9695.366000000002,
  "totalBlockingTime": 2404.9120000000003,
  "cumulativeLayoutShift": 0.17333984375,
  "timeToInteractive": 21324.284,
  "maxPotentialFirstInputDelay": 959,
  "timeToFirstByte": 126.89000000000001,
  "weight": {
    "summary": "253 requests • 2,171 KiB",
    "total": 2222716,
    "image": 78641,
    "imageCount": 51,
    "script": 1733263,
    "scriptCount": 72,
    "document": 117960,
    "font": 176146,
    "fontCount": 47,
    "stylesheet": 83298,
    "stylesheetCount": 4,
    "thirdParty": 1398413,
    "thirdPartyCount": 182
  },
  "run": {
    "number": 1,
    "total": 3
  },
  "axe": {
    "passes": 942,
    "violations": 99
  }
}