{
  "url": "https://fr.peugeot-saveurs.com/fr/",
  "requestedUrl": "https://fr.peugeot-saveurs.com/fr/",
  "timestamp": 1633682762993,
  "ranks": {
    "hundos": 11,
    "performance": 9,
    "accessibility": 9,
    "cumulative": 11
  },
  "lighthouse": {
    "version": "6.5.0",
    "performance": 0.14,
    "accessibility": 0.74,
    "bestPractices": 0.53,
    "seo": 0.85,
    "total": 226
  },
  "firstContentfulPaint": 2938.8089999999997,
  "speedIndex": 29156.719245106055,
  "largestContentfulPaint": 33769.563999999984,
  "totalBlockingTime": 1523,
  "cumulativeLayoutShift": 0.36835934130350756,
  "timeToInteractive": 41217.654999999984,
  "maxPotentialFirstInputDelay": 369,
  "timeToFirstByte": 12.823000000000008,
  "weight": {
    "summary": "403 requests • 10,956 KiB",
    "total": 11218861,
    "image": 9236268,
    "imageCount": 49,
    "script": 1546142,
    "scriptCount": 301,
    "document": 45501,
    "font": 37615,
    "fontCount": 2,
    "stylesheet": 127493,
    "stylesheetCount": 5,
    "thirdParty": 1003969,
    "thirdPartyCount": 86
  },
  "run": {
    "number": 3,
    "total": 3
  },
  "axe": {
    "passes": 1095,
    "violations": 39
  }
}