{
  "url": "https://www.centerparcs.fr/",
  "requestedUrl": "https://www.centerparcs.fr/",
  "timestamp": 1634116418938,
  "ranks": {
    "hundos": 7,
    "performance": 7,
    "accessibility": 7,
    "cumulative": 7
  },
  "lighthouse": {
    "version": "6.5.0",
    "performance": 0.16,
    "accessibility": 0.51,
    "bestPractices": null,
    "seo": 0.82,
    "total": 149
  },
  "firstContentfulPaint": 3847.5499999999997,
  "speedIndex": 8236.61089954269,
  "largestContentfulPaint": 18741.045,
  "totalBlockingTime": 3263.6100000000024,
  "cumulativeLayoutShift": 0.07527085897657607,
  "timeToInteractive": 25704.229500000005,
  "maxPotentialFirstInputDelay": 832,
  "timeToFirstByte": 125.459,
  "weight": {
    "summary": "301 requests • 2,648 KiB",
    "total": 2711600,
    "image": 236849,
    "imageCount": 113,
    "script": 2038927,
    "scriptCount": 78,
    "document": 165709,
    "font": 161068,
    "fontCount": 41,
    "stylesheet": 73912,
    "stylesheetCount": 4,
    "thirdParty": 2394520,
    "thirdPartyCount": 292
  },
  "run": {
    "number": 1,
    "total": 3
  },
  "axe": {
    "passes": 1702,
    "violations": 143
  }
}