{
  "url": "https://www.centerparcs.nl/",
  "requestedUrl": "https://www.centerparcs.nl/",
  "timestamp": 1634116499450,
  "ranks": {
    "hundos": 4,
    "performance": 3,
    "accessibility": 5,
    "cumulative": 4
  },
  "lighthouse": {
    "version": "6.5.0",
    "performance": 0.25,
    "accessibility": 0.69,
    "bestPractices": null,
    "seo": 0.92,
    "total": 186
  },
  "firstContentfulPaint": 2690.76,
  "speedIndex": 6199.635747699362,
  "largestContentfulPaint": 21155.724499999997,
  "totalBlockingTime": 2229.986000000001,
  "cumulativeLayoutShift": 0.011116354412502713,
  "timeToInteractive": 21907.406500000005,
  "maxPotentialFirstInputDelay": 926,
  "timeToFirstByte": 471.421,
  "weight": {
    "summary": "213 requests • 2,608 KiB",
    "total": 2670937,
    "image": 234547,
    "imageCount": 83,
    "script": 2095830,
    "scriptCount": 70,
    "document": 131042,
    "font": 100774,
    "fontCount": 14,
    "stylesheet": 83953,
    "stylesheetCount": 6,
    "thirdParty": 2547810,
    "thirdPartyCount": 206
  },
  "run": {
    "number": 1,
    "total": 3
  },
  "axe": {
    "passes": 1406,
    "violations": 133
  }
}